﻿Ranked Venues - Target / CBSA, 42660 - Seattle-Tacoma-Bellevue, WA Metro Area - Total - Jan 01, 2021 - Jan 31, 2022
Rank,Name,Total Visits,lat,lng
1,"Target / 18305 Alderwood Mall Pkwy, Lynnwood, WA, United States",2036124,47.832554909036624,-122.26598479122768
2,"Target / 3320 S 23rd St, Tacoma, WA, United States",1994079,47.23775197554253,-122.48029852761455
3,"Target / 13950 NE 178th Pl, Woodinville, WA, United States",1755491,47.75903551765946,-122.15406802232447
4,"Target / 3310 S Meridian, Puyallup, WA, United States",1548847,47.159976933397104,-122.29522314781873
5,"Target / 755 NW Gilman Blvd, Issaquah, WA, United States",1529826,47.54176387135669,-122.0506440592827
6,"Target / 10302 156th St E, Puyallup, WA, United States",1527335,47.1128888508873,-122.29166621092426
7,"Target / 1215 N Landing Way, Renton, WA, United States",1485331,47.49625714493078,-122.19985172321834
8,"Target / 2201 S Commons, Federal Way, WA, United States",1469152,47.31306949958181,-122.30523108563573
9,"Target / 301 Strander Blvd, Tukwila, WA, United States",1461693,47.455185408381894,-122.25893336367214
10,"Target / 17700 NE 76th St, Redmond, WA, United States",1410518,47.672546402830925,-122.1034468253179
11,"Target / 5618 Lakewood Town Center Blvd SW, Lakewood, WA, United States",1410272,47.163112898504515,-122.51143614369437
12,"Target / 405 SE Everett Mall Way, Everett, WA, United States",1370193,47.91045435260829,-122.22731545030838
13,"Target / 26301 104th Ave SE, Kent, WA, United States",1305197,47.36600730709652,-122.20341639616689
14,"Target / 16818 Twin Lakes Ave, Marysville, WA, United States",1285735,48.14894890025334,-122.19274811851044
15,"Target / 11400 51st Ave NW, Gig Harbor, WA, United States",1278391,47.36131647716085,-122.60797469847363
16,"Target / 9601 Market Pl, Lake Stevens, WA, United States",1252088,47.999106053023304,-122.10128100608776
17,"Target / 4053 Factoria Square Mall SE, Bellevue, WA, United States",1185260,47.57375538513011,-122.1735135109751
18,"Target / 9400 192nd Ave E, Bonney Lake, WA, United States",1136295,47.172555391895706,-122.1723030323955
19,"Target / 2800 SW Barton St, Seattle, WA, United States",1050824,47.522252029541086,-122.3687548725012
20,"Target / 1401 2nd Ave, Seattle, WA, United States",997170,47.60864990370937,-122.33877874991398
